{
    "regret_progression": {
        "all_seed_data": [
            [
                7.5,
                17.5,
                12.5,
                20.0,
                22.5
            ],
            [
                42.5,
                30.0,
                47.5,
                67.5,
                0.5
            ],
            [
                67.5,
                17.5,
                32.5,
                5.0,
                17.5
            ]
        ],
        "mean": [
            39.166666666666664,
            21.666666666666668,
            30.833333333333332,
            30.833333333333332,
            13.5
        ],
        "standard_error": [
            17.40051084818425,
            4.166666666666667,
            10.137937550497035,
            18.83775759242886,
            6.658328118479393
        ]
    },
    "questions_progression": {
        "all_seed_data": [
            [
                21,
                5,
                6,
                15,
                3
            ],
            [
                4,
                2,
                3,
                4,
                11
            ],
            [
                3,
                21,
                7,
                17,
                7
            ]
        ],
        "mean": [
            9.333333333333334,
            9.333333333333334,
            5.333333333333333,
            12.0,
            7.0
        ],
        "standard_error": [
            5.840471822645077,
            5.897268670984711,
            1.2018504251546631,
            4.041451884327381,
            2.3094010767585034
        ]
    }
}